Gene,Importance
LYST (1130),0.018768895
PAWR (5074),0.015553848
FCGR2A (2212),0.012874673
SLC43A3 (29015),0.009458589
TIGD7 (91151),0.008820283
MMP24 (10893),0.00865964
MS4A2 (2206),0.007926319
THAP8 (199745),0.0076925606
CPN1 (1369),0.00749965
TRPV2 (51393),0.007325729
HECTD4 (283450),0.0071137915
CDK16 (5127),0.0067405435
TNFRSF14 (8764),0.006605975
RNF121 (55298),0.006543718
ALX4 (60529),0.0064908946
ADAM12 (8038),0.0061013093
SYT15B (102724488),0.005841414
FZD2 (2535),0.0054087765
TIMM17B (10245),0.005369395
EML1 (2009),0.005352095
SLC45A2 (51151),0.0051858095
ARAF (369),0.0049802247
DCLK2 (166614),0.0048953868
GRAMD4 (23151),0.004884003
DNAAF8 (146562),0.004833587
SPRY4 (81848),0.0046208613
CPLANE1 (65250),0.004540307
FAM120C (54954),0.00443673
ETV4 (2118),0.0044366284
PRDM11 (56981),0.0044031185
PHLDA1 (22822),0.004340076
JAK1 (3716),0.004282439
FRMPD3 (84443),0.004256108
MMP17 (4326),0.0040617324
POLR1D (51082),0.004047343
CITED2 (10370),0.0039199963
B3GNT9 (84752),0.0038866461
TLCD4 (148534),0.003834417
CUEDC1 (404093),0.0037994871
RPGRIP1L (23322),0.0037268607
RAB38 (23682),0.0036830737
NTNG1 (22854),0.003651416
CHN1 (1123),0.0036377565
PRDX1 (5052),0.0035908928
CCDC102A (92922),0.0035503188
SLC41A2 (84102),0.0035213565
MSANTD1 (345222),0.003463943
ZNF736 (728927),0.0034459685
FYB1 (2533),0.0033204958
BCDIN3D (144233),0.003260634
STX4 (6810),0.0032576115
SLC37A2 (219855),0.0032250367
DNAJB4 (11080),0.003203434
NPEPPS (9520),0.003196315
FAM76A (199870),0.0031946495
SH3BP1 (23616),0.0031686188
GSTO1 (9446),0.0031678537
DUSP6 (1848),0.0031520417
FHL1 (2273),0.0030825862
LYG1 (129530),0.0030818465
CAV2 (858),0.0030606596
DAGLB (221955),0.0030148146
ZFP36L2 (678),0.0029971974
GGCX (2677),0.0028559251
TSR2 (90121),0.0028500378
VILL (50853),0.0028181986
GPR156 (165829),0.0028109667
PRKRIP1 (79706),0.0027738411
FAM50A (9130),0.002760771
ANKRD33B (651746),0.002723843
FTSJ1 (24140),0.002709103
SPRY2 (10253),0.0026772204
TRA2A (29896),0.0026391067
IFI44L (10964),0.0026346378
ZNG1B (150472),0.0025704599
R3HDM2 (22864),0.0025507635
TBL1X (6907),0.0025312034
HHEX (3087),0.0025127395
BBC3 (27113),0.0025036396
HLF (3131),0.0024809446
P2RY6 (5031),0.0024731804
DAGLA (747),0.0024666933
PPP1R3F (89801),0.0024450556
HIVEP1 (3096),0.0024426463
ATMIN (23300),0.002439934
CCDC65 (85478),0.0024280334
ERI3 (79033),0.0024143828
PGM1 (5236),0.0024100079
GLIS3 (169792),0.002405621
FER1L5 (90342),0.0023938955
AACS (65985),0.002370775
EOGT (285203),0.0023661563
IL1RL1 (9173),0.0023511592
HSPB8 (26353),0.0023510067
SERTAD3 (29946),0.002331393
CLIP1 (6249),0.00228653
ZMYND8 (23613),0.0022704646
FOLR1 (2348),0.0022438902
BOD1 (91272),0.0022304459
AEN (64782),0.0022296077
PREP (5550),0.002219922
CHRDL1 (91851),0.002212839
PTPRH (5794),0.0022041865
TSKU (25987),0.0021856616
HSD17B6 (8630),0.0021647012
GBP1 (2633),0.0021468557
LYZ (4069),0.0021276982
FDXR (2232),0.002125261
ARL16 (339231),0.0021235168
TMEM204 (79652),0.002122476
CUBN (8029),0.0021048565
GUCY1B1 (2983),0.0020905207
ABCA9 (10350),0.0020589055
LPAR6 (10161),0.0020503942
STEEP1 (63932),0.002048103
PLAT (5327),0.0020431515
FGFRL1 (53834),0.002037079
UBE2E2 (7325),0.0020207518
XIAP (331),0.0020179509
FAM177A1 (283635),0.0020103361
PARD6G (84552),0.0020043063
DCDC2 (51473),0.0019834545
CFAP184 (257236),0.0019399374
BBOF1 (80127),0.0019371414
CLSTN2 (64084),0.0019078717
CEP104 (9731),0.0018990667
TENT5B (115572),0.0018970709
ZNF697 (90874),0.001881525
SH3TC2 (79628),0.001850417
MAGT1 (84061),0.0018448081
FAM161A (84140),0.0018412817
HINFP (25988),0.0018330128
A2M (2),0.0018100024
SLFN13 (146857),0.0017927713
MRPL49 (740),0.0017880104
MPP3 (4356),0.001776747
EID3 (493861),0.0017656153
CA12 (771),0.001765561
FAT4 (79633),0.00175983
NES (10763),0.0017589513
GFPT1 (2673),0.0017554901
ADSS2 (159),0.0017494337
NUAK2 (81788),0.0017488041
PYCARD (29108),0.0017476691
PLXDC2 (84898),0.0017406724
GPN1 (11321),0.0017343614
C1QL1 (10882),0.0017178796
GDF15 (9518),0.0017160982
ZFPM1 (161882),0.0017138601
MAP10 (54627),0.0017108439
IGSF11 (152404),0.0016801425
APOBEC3C (27350),0.0016750145
CGNL1 (84952),0.0016682469
SOCS2 (8835),0.001668244
DDB2 (1643),0.0016588378
VCF2 (90736),0.0016470053
TMC8 (147138),0.0016396218
LRRC47 (57470),0.0016337597
DNAJB13 (374407),0.0016281789
PLK3 (1263),0.001619694
ADAP2 (55803),0.0015904984
OR5J2 (282775),0.0015852271
RTKN2 (219790),0.0015793763
TNFAIP8L3 (388121),0.0015782233
NTN5 (126147),0.0015673208
TPSAB1 (7177),0.0015668418
PTGDR2 (11251),0.0015627726
MT1F (4494),0.0015620303
F2RL3 (9002),0.0015468161
PPP1CB (5500),0.0015455674
NEO1 (4756),0.0015247989
FIBCD1 (84929),0.0015246185
ZFP41 (286128),0.001507174
MED29 (55588),0.0015059813
LCE1B (353132),0.0015048119
KCNN2 (3781),0.0015021667
INPP1 (3628),0.0014889942
KDELR2 (11014),0.0014820287
ENPEP (2028),0.0014793557
RAB44 (401258),0.0014738365
TBC1D25 (4943),0.0014720289
SELENOP (6414),0.001467112
TCEA2 (6919),0.0014587973
DCT (1638),0.0014451421
GKAP1 (80318),0.0014197911
GFOD1 (54438),0.0014184056
STOX1 (219736),0.0014143183
CHD3 (1107),0.0014122376
WWC3 (55841),0.0014083576
TNK1 (8711),0.0014014991
KIAA1217 (56243),0.0013979726
NFATC1 (4772),0.0013938441
FLNC (2318),0.0013887172
DAND5 (199699),0.001377276
GADD45G (10912),0.0013735194
C1orf122 (127687),0.0013701202
TMEM8B (51754),0.0013545152
AQP11 (282679),0.00134308
PTGR3 (284273),0.001341486
MAD1L1 (8379),0.0013412533
ACTR1B (10120),0.0013309461
ERV3-1 (2086),0.0013237769
BLTP1 (84162),0.0013226873
RUBCN (9711),0.0013182912
IMPA2 (3613),0.0013074076
SIRT1 (23411),0.0013071698
DLX4 (1748),0.0013055227
EFHD1 (80303),0.0013008304
DNASE1 (1773),0.0013004254
MBTPS1 (8720),0.0012984667
TUFT1 (7286),0.001282093
HGD (3081),0.0012759317
U2AF1L4 (199746),0.0012708656
PHB2 (11331),0.0012647518
SHISA9 (729993),0.0012460249
CUL7 (9820),0.001236502
RNF213 (57674),0.001235766
GHR (2690),0.0012324468
CFAP91 (89876),0.0012304782
ARL1 (400),0.0012298265
TIMD4 (91937),0.0012296643
EID2 (163126),0.0012203878
NUMA1 (4926),0.0012195501
NFIL3 (4783),0.0012150274
FAM78B (149297),0.0012048191
TMED2 (10959),0.0012028868
DCTN2 (10540),0.0011980713
YIPF6 (286451),0.0011932084
TRIM74 (378108),0.001186581
NBPF1 (55672),0.0011851013
LGI3 (203190),0.0011830053
GNAT2 (2780),0.0011666318
SLC35F5 (80255),0.0011665899
FRS2 (10818),0.0011602851
HSD17B11 (51170),0.0011577269
ASPRV1 (151516),0.0011525142
MIGA1 (374986),0.0011464374
MYO9A (4649),0.001137709
TMEM47 (83604),0.001123819
MAPK3 (5595),0.0011203485
PDGFC (56034),0.001119913
FCRLB (127943),0.001118019
GNG2 (54331),0.0011175463
DYNLRB2 (83657),0.0011141183
SLFNL1 (200172),0.0011056624
SGMS2 (166929),0.0010985668
IL37 (27178),0.0010974497
ADPRHL1 (113622),0.0010956364
ARHGEF26 (26084),0.0010899468
BRD8 (10902),0.001087018
ANXA2R (389289),0.0010814592
QDPR (5860),0.0010801823
CYB5A (1528),0.0010744915
DNAJA4 (55466),0.0010724845
COL4A3 (1285),0.0010683793
LRRC42 (115353),0.001064675
MPP7 (143098),0.0010594924
RHAG (6005),0.001058768
CCM2L (140706),0.0010576328
TFR2 (7036),0.001057531
KHDC1 (80759),0.0010336617
NINJ1 (4814),0.0010025267
CCDC24 (149473),0.0010019884
SSU72 (29101),0.0010008033
RIN2 (54453),0.0009991695
LCE1C (353133),0.0009963607
LLCFC1 (135927),0.0009874033
ARMC7 (79637),0.0009873342
TMEM116 (89894),0.0009867335
PCYOX1 (51449),0.00097440486
ASAP3 (55616),0.0009727062
PBLD (64081),0.000966794
CDC16 (8881),0.00095971517
SMIM10L2B (644596),0.0009527723
SLFN14 (342618),0.000951164
GALNT10 (55568),0.0009458065
PTOV1 (53635),0.00094096834
C12orf75 (387882),0.0009402541
KLF8 (11279),0.000937955
GINM1 (116254),0.00093390315
ZNF844 (284391),0.0009254665
MAP3K14 (9020),0.000925365
IFT27 (11020),0.0009236203
ABCC6 (368),0.0009093104
ETV6 (2120),0.0009082734
MCU (90550),0.00090748956
ACY1 (95),0.00090316974
SLC26A1 (10861),0.0009017227
BRICD5 (283870),0.00089708605
ARHGAP15 (55843),0.00089690625
ALAS2 (212),0.0008908247
PSMA2 (5683),0.0008869921
IL24 (11009),0.0008832193
ALPK2 (115701),0.0008831041
TGDS (23483),0.000882777
PARVB (29780),0.0008822053
VWA8 (23078),0.0008812472
B3GNT7 (93010),0.0008801164
GATA1 (2623),0.00087919144
PANX2 (56666),0.00087782665
TTC33 (23548),0.00087692315
PEX13 (5194),0.0008741941
IFNGR2 (3460),0.00087062415
UBE2Z (65264),0.0008695003
RSPH3 (83861),0.0008691563
KLHDC2 (23588),0.0008679232
IRX3 (79191),0.00086769817
PLA2G4A (5321),0.0008639625
HPCA (3208),0.0008613225
LTBP1 (4052),0.00085734593
SPRR2D (6703),0.0008571148
GFI1 (2672),0.000853408
SNX19 (399979),0.00085282186
TSTD1 (100131187),0.00084871997
KCNJ10 (3766),0.0008443963
HDAC6 (10013),0.0008432761
FGD6 (55785),0.00084144704
VCAM1 (7412),0.00083921565
ZNRF2 (223082),0.0008381956
ZNF648 (127665),0.00083808904
CISD1 (55847),0.0008332334
ATP10D (57205),0.00082827796
HNF1B (6928),0.0008229522
ZFPL1 (7542),0.0008216574
S100B (6285),0.0008216269
RNF103 (7844),0.00081912434
ACTR3C (653857),0.000818723
TCN1 (6947),0.0008161005
INCA1 (388324),0.0008147758
LDOC1 (23641),0.00081187545
DYNC1LI2 (1783),0.0008118287
MRGPRG (386746),0.0008067273
JUN (3725),0.000800534
CCDC80 (151887),0.0008000383
GYPA (2993),0.00079905376
SCN8A (6334),0.00079742825
EMC8 (10328),0.00079464586
ANKRD40 (91369),0.0007913071
TRIM69 (140691),0.00079031667
UBE2D2 (7322),0.00077959
ZNF117 (51351),0.0007748069
TRIM13 (10206),0.00077111163
GJA1 (2697),0.00076821836
PSG5 (5673),0.00075337314
ZNF347 (84671),0.0007522528
TEAD3 (7005),0.0007507946
HAVCR1 (26762),0.00075069297
HCCS (3052),0.00074729405
TMEM106C (79022),0.00074533856
ACTR10 (55860),0.0007447341
TMEM229B (161145),0.0007433642
ACKR3 (57007),0.000742292
MBL2 (4153),0.0007410321
ZNF185 (7739),0.0007379528
BRINP1 (1620),0.00073595636
CRACR2A (84766),0.0007322644
UTRN (7402),0.0007308486
KIAA0319L (79932),0.0007296998
CTTNBP2NL (55917),0.0007266823
DXO (1797),0.0007264524
CAPN3 (825),0.0007262079
SLC6A19 (340024),0.00072224485
INPPL1 (3636),0.0007221134
SH3D21 (79729),0.0007178695
SLC2A11 (66035),0.00071638066
MREG (55686),0.00071392057
CLN3 (1201),0.0007107838
SYN3 (8224),0.00071022206
DLG2 (1740),0.0007099222
EGFR (1956),0.0007094321
APOD (347),0.00070816884
FAM220A (84792),0.00070719334
MTCH1 (23787),0.00070674
CCN5 (8839),0.00070661254
ARHGAP29 (9411),0.00070406694
CAMSAP2 (23271),0.0007033037
TMEM9 (252839),0.0007021108
PER3 (8863),0.00070095
ENO4 (387712),0.0006997487
KCNIP1 (30820),0.0006996677
ELAPOR1 (57535),0.0006954411
SDS (10993),0.00069367816
MYORG (57462),0.00069254497
C1S (716),0.0006903881
TMTC3 (160418),0.00068968476
NPL (80896),0.00068846205
ZNF594 (84622),0.00068759866
ORMDL2 (29095),0.0006839112
APLN (8862),0.00068343675
SLC39A12 (221074),0.0006826076
STX12 (23673),0.0006807977
PODXL (5420),0.00067969155
APOC1 (341),0.00067624234
OSGIN2 (734),0.000675274
ZHX2 (22882),0.00067451654
HSD3B7 (80270),0.0006725546
RIGI (23586),0.00066859776
SLC45A3 (85414),0.00066841015
ST6GALNAC3 (256435),0.000665481
PMM2 (5373),0.00066433544
FANCC (2176),0.000664163
CCDC148 (130940),0.0006636012
SELENOM (140606),0.0006625375
CDH19 (28513),0.00066140917
CASK (8573),0.0006601732
KEL (3792),0.0006575782
SLC2A4RG (56731),0.0006551334
ECPAS (23392),0.00065274176
TWSG1 (57045),0.0006524291
CLCF1 (23529),0.0006508482
FSTL3 (10272),0.0006496654
TUBA4A (7277),0.00064669846
DSEL (92126),0.0006457885
NDUFS8 (4728),0.00064371224
PDK2 (5164),0.0006373346
TACR1 (6869),0.0006357221
FUNDC2 (65991),0.0006303695
ZSWIM9 (374920),0.0006281866
RRAS2 (22800),0.0006268759
RASSF7 (8045),0.00062619924
INKA1 (389119),0.00062377297
TGFB3 (7043),0.0006184919
IL32 (9235),0.0006183397
TAFA2 (338811),0.0006180532
HIPK4 (147746),0.0006149269
MAML3 (55534),0.00061322993
LMO2 (4005),0.0006085886
MEAK7 (57707),0.00060681265
TTC7A (57217),0.000605493
MRPS24 (64951),0.0006046998
COL5A1 (1289),0.0006046195
SSX2IP (117178),0.0006041442
CLOCK (9575),0.00060396036
TADA2B (93624),0.00059979275
FLNA (2316),0.00059972936
KRT80 (144501),0.0005951662
AKTIP (64400),0.0005944213
NABP1 (64859),0.0005933307
ZFX (7543),0.0005929351
STK38 (11329),0.0005904457
C16orf86 (388284),0.0005900978
CCDC163 (126661),0.0005872668
PGD (5226),0.0005862863
ATP10B (23120),0.00058268284
CD2AP (23607),0.0005816811
UCN2 (90226),0.00058157486
THY1 (7070),0.0005815032
CEACAM19 (56971),0.00058147963
GCSAML (148823),0.00058105076
ZNF449 (203523),0.0005809676
LIPT2 (387787),0.00057947496
TAL1 (6886),0.00057945086
GOLPH3 (64083),0.0005781508
MXD3 (83463),0.00057486654
HOXC11 (3227),0.0005740143
EDN1 (1906),0.000573471
IFT122 (55764),0.0005733365
SYCE1L (100130958),0.00057323696
DMAP1 (55929),0.00057157275
FBLIM1 (54751),0.00057071814
MAGED4B (81557),0.0005696868
ATF3 (467),0.00056941574
INPP5J (27124),0.00056866836
ZCCHC9 (84240),0.0005654968
POR (5447),0.00056535087
MFSD12 (126321),0.0005648922
MAFF (23764),0.0005646931
TUG1 (55000),0.00056433753
TTLL7 (79739),0.00056327705
JAKMIP3 (282973),0.00056250027
PSG3 (5671),0.00056151976
GPR107 (57720),0.0005587107
USP25 (29761),0.00055757083
KLC2 (64837),0.0005558974
SPSB2 (84727),0.00055507384
FBLN1 (2192),0.00055332435
SYBU (55638),0.00055167417
TICAM2 (353376),0.00055084785
URGCP (55665),0.00054901955
HSPA1L (3305),0.00054830627
GLT8D2 (83468),0.0005477527
FABP5 (2171),0.0005464031
SGPL1 (8879),0.0005461043
PIGK (10026),0.00054472976
INPP5D (3635),0.0005445297
SEMA5B (54437),0.00054420944
DLX3 (1747),0.0005416251
MMP8 (4317),0.0005408564
CCDC117 (150275),0.0005389427
ABCC3 (8714),0.00053784787
RAD1 (5810),0.0005354869
CAMK2G (818),0.0005354594
SGCD (6444),0.00053540646
ABCB5 (340273),0.0005345485
CLPTM1L (81037),0.0005345221
CACUL1 (143384),0.00053432805
OSCP1 (127700),0.0005338988
B4GALT1 (2683),0.00053358654
SCML1 (6322),0.0005335103
SNF8 (11267),0.0005334593
DDAH2 (23564),0.00053284323
S100A1 (6271),0.0005316694
POLN (353497),0.00053112255
APPBP2 (10513),0.0005311036
C3orf70 (285382),0.0005289866
TSEN34 (79042),0.0005286648
SAMSN1 (64092),0.0005260971
CRABP2 (1382),0.00052605785
NELFE (7936),0.0005232593
USP9X (8239),0.00052287447
TAF12 (6883),0.0005226383
ZNF514 (84874),0.00052134064
PHKB (5257),0.0005204078
STC1 (6781),0.00051898777
CEP126 (57562),0.00051729614
C3AR1 (719),0.00051666534
RPL22L1 (200916),0.00051654293
LST1 (7940),0.00051427126
SIRT4 (23409),0.00051381247
KCTD11 (147040),0.00051373494
ACAN (176),0.000511401
MYO1C (4641),0.0005108546
VGF (7425),0.00050932536
TEKTIP1 (100128569),0.00050932396
PGM2L1 (283209),0.0005083462
RTN3 (10313),0.0005083141
SCRN1 (9805),0.00050823024
TSPYL5 (85453),0.0005074805
SRD5A1 (6715),0.00050638476
TUBD1 (51174),0.0005058207
SNRK (54861),0.0005052619
AJUBA (84962),0.00050491065
CCDC85C (317762),0.00050478603
MUS81 (80198),0.0005035473
GCLM (2730),0.00050297566
CCDC40 (55036),0.0005014959
ODAD2 (55130),0.0005013193
GPR55 (9290),0.0005004848
ADAMTS17 (170691),0.0005003796
SPRED1 (161742),0.00049876136
PLEKHG4B (153478),0.00049739436
ABCC9 (10060),0.0004959242
NXNL2 (158046),0.0004956003
RBBP7 (5931),0.0004943024
TTC36 (143941),0.0004931051
PTGFR (5737),0.0004920091
IL1RAPL1 (11141),0.00049166277
MORN1 (79906),0.0004916022
BIN3 (55909),0.0004905388
ZMAT3 (64393),0.00048886903
ANXA7 (310),0.0004884266
ZNF138 (7697),0.00048716945
SRR (63826),0.00048450232
PHACTR4 (65979),0.000484166
SPECC1 (92521),0.00048196057
TIMP3 (7078),0.00048172913
TTC9C (283237),0.0004815726
SHANK2 (22941),0.0004805741
PLXNC1 (10154),0.0004794989
RAB40AL (282808),0.00047749278
TMEM178B (100507421),0.00047731915
GJA3 (2700),0.0004756707
WIPF2 (147179),0.00047539175
SETD7 (80854),0.0004740902
CFAP45 (25790),0.00047406487
ZNF682 (91120),0.00047223558
DNAI4 (79819),0.00047132222
TRIM73 (375593),0.00047123796
RBM24 (221662),0.00047123246
BOC (91653),0.0004686916
OCLN (100506658),0.0004675598
SNX7 (51375),0.0004656016
PTPRF (5792),0.00046554013
CCDC97 (90324),0.00046546545
KCND1 (3750),0.00046518916
ZNF44 (51710),0.00046490604
SNRPB2 (6629),0.00046174417
BOK (666),0.00046132196
USP47 (55031),0.00046115907
ANKRD13C (81573),0.0004606352
RTL8C (8933),0.0004602022
PLGLB2 (5342),0.00045914156
WDR53 (348793),0.00045780462
FERMT3 (83706),0.00045767135
ELF1 (1997),0.00045721888
IL15 (3600),0.00045471973
RGPD6 (729540),0.00045456944
PIAS3 (10401),0.00045393576
ADGRB2 (576),0.00045218202
IQSEC2 (23096),0.0004505125
PXDN (7837),0.00045045995
BASP1 (10409),0.00044881695
ADCY1 (107),0.0004485483
DIP2C (22982),0.00044808196
SP3 (6670),0.00044376275
MASTL (84930),0.00044358903
PSPN (5623),0.0004431905
UBE2J2 (118424),0.00044146823
BTK (695),0.000440078
PDLIM1 (9124),0.00043927605
EDA2R (60401),0.00043912424
ASIC3 (9311),0.00043808986
EOLA1 (91966),0.00043784623
THAP3 (90326),0.00043782828
TRPV4 (59341),0.0004377948
UCP3 (7352),0.00043697836
CTIF (9811),0.00043642434
ZFAND5 (7763),0.00043623472
RPUSD3 (285367),0.00043526007
AFDN (4301),0.00043463247
TRPC1 (7220),0.00043401463
CD69 (969),0.00043371684
VEGFC (7424),0.00043072517
ICMT (23463),0.00043004952
CLU (1191),0.0004280347
SPTAN1 (6709),0.0004265579
MARCHF5 (54708),0.00042164343
ZFP57 (346171),0.0004215813
STEAP2 (261729),0.00042089826
RSPRY1 (89970),0.0004205975
ABLIM1 (3983),0.00042036927
RNF216 (54476),0.00041622666
GPR173 (54328),0.00041593128
FAM167B (84734),0.00041528806
SLC25A14 (9016),0.00041513777
CFAP161 (161502),0.0004141134
PRKAA2 (5563),0.00041371485
IFT22 (64792),0.00041227147
ZYG11A (440590),0.00041181417
MOSPD1 (56180),0.00041145677
PPP2R1A (5518),0.00041118238
SUN1 (23353),0.0004084237
ATP8B1 (5205),0.00040818166
ZBTB4 (57659),0.00040704332
APOL4 (80832),0.000404552
MAD2L1BP (9587),0.00040392886
LRRC51 (120356739),0.00040278074
MFSD2B (388931),0.000402191
WBP1L (54838),0.00040213217
ZFP36L1 (677),0.00040154788
PTGR2 (145482),0.00040147413
P3H2 (55214),0.00040112456
SGSH (6448),0.00039885376
ALMS1 (7840),0.00039862352
CLIC4 (25932),0.00039647918
DMGDH (29958),0.0003962701
SPOP (8405),0.00039547938
NHLRC4 (283948),0.00039410207
ZNF606 (80095),0.0003933708
BTBD7 (55727),0.00039134867
ETV3 (2117),0.00039021557
TMEM25 (84866),0.00039020545
FGF18 (8817),0.00038690452
SAP30L (79685),0.00038640387
ECT2 (1894),0.00038607325
NTN4 (59277),0.00038545253
DHH (50846),0.00038507703
DUSP8 (1850),0.00038457417
DERL1 (79139),0.00038454632
FAAP24 (91442),0.00038424332
EPHB2 (2048),0.00038405327
ACR (49),0.00038381154
DNAH11 (8701),0.0003836486
TRAPPC3 (27095),0.00038353764
PKLR (5313),0.00038342373
DEPDC1 (55635),0.0003826835
SEMA3G (56920),0.00038191926
ACSL3 (2181),0.00038175654
ZMIZ2 (83637),0.00038087196
LAPTM5 (7805),0.000380284
PLD3 (23646),0.00037960935
TMEM187 (8269),0.0003786267
TMEM54 (113452),0.00037770363
FAM199X (139231),0.00037693494
CELSR1 (9620),0.00037472846
TMEM132A (54972),0.0003743956
GOLGB1 (2804),0.0003736027
PDE6A (5145),0.00037332205
GAS7 (8522),0.000373078
XYLB (9942),0.00037255138
PHACTR1 (221692),0.00037222967
TCTN1 (79600),0.00037148563
IFT70A (92104),0.00037142224
GMFG (9535),0.00037073836
TYW1 (55253),0.000368856
ZC3H13 (23091),0.00036837865
NEURL1B (54492),0.00036835324
HMGB3 (3149),0.00036822437
BMP4 (652),0.0003669437
DUSP10 (11221),0.00036631606
SNCA (6622),0.000365872
MB21D2 (151963),0.00036543814
CENPT (80152),0.00036515258
SLC8A1 (6546),0.00036499585
ART3 (419),0.00036442434
ARHGAP4 (393),0.000363694
FAM246C (117134596),0.0003629383
ZNF385B (151126),0.0003619623
TMEM106B (54664),0.00036187607
SULT1A3 (6818),0.000361781
MTMR3 (8897),0.00036111943
ZNF429 (353088),0.0003609922
DENND5B (160518),0.00036089987
TRPS1 (7227),0.00035946845
KDM2A (22992),0.00035909342
RTL8B (441518),0.00035814723
SCML4 (256380),0.00035804918
HEY1 (23462),0.00035727638
ITGA10 (8515),0.00035702283
KPNA6 (23633),0.00035675487
FAM3A (60343),0.0003562066
STAC (6769),0.00035600652
ASB2 (51676),0.00035565285
VEZT (55591),0.00035530483
GOLM1 (51280),0.00035319323
OAF (220323),0.0003526833
RUSC1 (23623),0.00035253973
SPTY2D1 (144108),0.000349781
DERL2 (51009),0.00034946413
TLN2 (83660),0.00034869165
FAM120AOS (158293),0.00034864497
INPP5F (22876),0.00034774482
ZNF385D (79750),0.0003475162
H2AC15 (8330),0.00034728815
PPME1 (51400),0.0003471267
OSM (5008),0.00034651958
ITSN1 (6453),0.00034637065
ZNF737 (100129842),0.00034584565
KCNK3 (3777),0.0003452646
PPIC (5480),0.00034475364
FBXW8 (26259),0.00034465472
NFATC2 (4773),0.0003445788
CELF2 (10659),0.00034457436
OCIAD2 (132299),0.00034322205
PDXK (8566),0.00034293247
NLN (57486),0.00034264734
SYNE3 (161176),0.00034191506
MAP2K4 (6416),0.0003416603
CATSPER3 (347732),0.0003411522
PAX6 (5080),0.0003397323
PSORS1C1 (170679),0.00033920349
LOX (4015),0.00033826494
RIBC1 (158787),0.00033761348
BCLAF3 (256643),0.00033742472
ATP5IF1 (93974),0.00033701624
PWWP2A (114825),0.0003351257
BRPF3 (27154),0.00033464187
HSCB (150274),0.00033339916
KDELR1 (10945),0.0003326695
GOLGA3 (2802),0.00033261426
CD24 (100133941),0.00033240014
ARHGEF12 (23365),0.00033151923
SLC2A8 (29988),0.0003307721
ZBTB22 (9278),0.00032900673
ZNF506 (440515),0.00032608537
TUBB1 (81027),0.00032446263
CDK15 (65061),0.00032040573
B3GALNT1 (8706),0.00031909745
MAFB (9935),0.0003188055
MTCL1 (23255),0.00031852807
VKORC1L1 (154807),0.00031835368
CBX1 (10951),0.0003181239
EMC9 (51016),0.00031805917
RGS9 (8787),0.00031785463
TIGD4 (201798),0.0003170275
CEP55 (55165),0.00031691216
ZNF148 (7707),0.0003168012
GBF1 (8729),0.00031611405
PRRC1 (133619),0.00031603719
ST6GAL1 (6480),0.00031561838
RAB3IP (117177),0.0003152558
P4HTM (54681),0.00031510234
ABHD4 (63874),0.0003138817
CCHCR1 (54535),0.0003134665
KRBOX4 (55634),0.00031337288
MSRB2 (22921),0.00031315236
SYDE2 (84144),0.0003129638
ZNF467 (168544),0.00031199405
CENATAC (338657),0.00031194332
CARNS1 (57571),0.00031185488
TSPAN2 (10100),0.00031032905
NPTXR (23467),0.0003099884
CDC42BPB (9578),0.0003097832
AP1G1 (164),0.00030962258
POMT2 (29954),0.0003089065
CASKIN2 (57513),0.00030741285
SOX8 (30812),0.00030621246
MPZ (4359),0.00030562744
RAB33B (83452),0.0003044838
MN1 (4330),0.00030315472
PRR5L (79899),0.00030256333
ALX1 (8092),0.00030245952
STAT5A (6776),0.0003011341
ADAMTS2 (9509),0.00030056643
PNMA1 (9240),0.00029836516
HTR1D (3352),0.0002983288
SCYL1 (57410),0.00029757086
CDK20 (23552),0.0002974605
NRDC (4898),0.00029587076
CMC4 (100272147),0.0002942636
IMMP1L (196294),0.0002934454
CNDP1 (84735),0.0002934253
DMPK (1760),0.00029340896
PMEL (6490),0.00029310148
SERF1A (8293),0.0002910182
CLCNKB (1188),0.00028983102
FGL2 (10875),0.00028972392
TMEM65 (157378),0.00028831494
WWC1 (23286),0.00028613495
SLC30A4 (7782),0.00028547613
ZNF774 (342132),0.0002848267
SOX10 (6663),0.00028472402
SPACA6 (147650),0.0002833731
IFT20 (90410),0.00028320734
NUMBL (9253),0.00028253527
YPEL5 (51646),0.00028243876
APPL2 (55198),0.00028157694
OLFML2B (25903),0.00028129143
KRTAP13-2 (337959),0.00027829592
SLC35A2 (7355),0.0002777713
ZNF674 (641339),0.00027462962
PBX1 (5087),0.00027358936
FKBP1A (2280),0.00027300644
COQ9 (57017),0.0002727325
LYSMD3 (116068),0.00027140742
LGR4 (55366),0.00026904303
BEND7 (222389),0.00026799354
LAYN (143903),0.00026727418
STYX (6815),0.00026601012
STC2 (8614),0.00026520295
PIK3C2A (5286),0.00026400277
ZER1 (10444),0.0002629399
DIO2 (1734),0.00026267773
CPE (1363),0.0002626687
SPATS1 (221409),0.00026246053
TTC28 (23331),0.0002624569
PTGR1 (22949),0.00026241093
MPZL1 (9019),0.00026171064
TMEM184A (202915),0.0002613686
TMEM272 (283521),0.00026013152
AGBL5 (60509),0.00026001304
AOX1 (316),0.00025998495
SWI5 (375757),0.00025995576
PRDM7 (11105),0.00025978655
CD33 (945),0.00025920014
SLC25A10 (1468),0.0002591863
ZNF93 (81931),0.00025872205
RAB10 (10890),0.00025843218
NPY1R (4886),0.00025699384
GYPC (2995),0.00025676278
USP42 (84132),0.00025416174
CD52 (1043),0.00025247718
MAP3K8 (1326),0.00025192066
SIPA1L3 (23094),0.00025141033
TSPAN18 (90139),0.00025134275
DLG1 (1739),0.0002510358
DOK2 (9046),0.00024979637
FAM241B (219738),0.00024968229
CTXND1 (100996492),0.0002491605
PRICKLE2 (166336),0.000248142
CITED1 (4435),0.00024777133
SPN (6693),0.00024647175
CHL1 (10752),0.00024404383
USP28 (57646),0.00024404282
DNAJC25 (548645),0.00024382163
B4GALT6 (9331),0.00024322682
EXTL1 (2134),0.00024155709
TBC1D9 (23158),0.00024155507
EPB41L1 (2036),0.00024044079
OBSCN (84033),0.00024008525
SLC4A1 (6521),0.00023959883
GLIS2 (84662),0.00023784491
TULP3 (7289),0.00023739188
MTERF2 (80298),0.00023486641
FMN1 (342184),0.00023478766
ADAM17 (6868),0.00023244061
NMT2 (9397),0.00023209075
PRG2 (5553),0.00023103379
RAD54B (25788),0.00023040357
FCGR2B (2213),0.00023039049
FSTL1 (11167),0.00022909616
MID2 (11043),0.00022850349
ANGPTL6 (83854),0.00022844446
DVL3 (1857),0.00022819666
HABP4 (22927),0.00022777785
FAM89A (375061),0.00022727557
VTCN1 (79679),0.00022702372
RHOBTB1 (9886),0.00022471201
DNAJB5 (25822),0.0002244601
AKT1S1 (84335),0.00022427685
RXRG (6258),0.0002242183
PLP1 (5354),0.00022368679
TMC6 (11322),0.00022323041
OR7A5 (26659),0.00022196598
FBXW10 (10517),0.00022191693
CFAP263 (29070),0.0002213262
SPDL1 (54908),0.00022125641
MYO5B (4645),0.00022119343
KLHL31 (401265),0.00022084113
CCL2 (6347),0.00022027419
PRR19 (284338),0.00022016252
KLF7 (8609),0.00021945786
NRG1 (3084),0.0002172289
DIPK1C (125704),0.00021626653
CLEC11A (6320),0.00021437107
RTL3 (203430),0.00021328514
MAP3K9 (4293),0.00021284682
HSPA12A (259217),0.00021265894
PRRT3 (285368),0.00021232718
TNFAIP8L2 (79626),0.00021196422
ALDH3B1 (221),0.00021133284
TRPM8 (79054),0.00020931828
EGR3 (1960),0.00020909593
ANKIB1 (54467),0.00020898528
ZNF829 (374899),0.00020876004
FHIP1A (729830),0.00020863299
FBXL8 (55336),0.00020839678
ARID5B (84159),0.00020720424
MRPL44 (65080),0.00020567556
ZNF287 (57336),0.00020499923
MORF4L2 (9643),0.0002034417
ZFHX4 (79776),0.00020236922
JADE1 (79960),0.00020105366
ACTR1A (10121),0.00020067023
CDH6 (1004),0.00019963204
ZNF346 (23567),0.00019897844
TLNRD1 (59274),0.00019845969
TSTD3 (100130890),0.00019797024
APLP1 (333),0.00019746543
CCDC22 (28952),0.00019650278
FOXS1 (2307),0.00019602582
CDR2 (1039),0.00019592316
NRROS (375387),0.00019517164
CARHSP1 (23589),0.00019371122
C2CD3 (26005),0.00019169741
PLCB4 (5332),0.00018944404
CAP2 (10486),0.00018930594
PGM3 (5238),0.00018703182
BICC1 (80114),0.00018495295
CYGB (114757),0.00018436894
CPA4 (51200),0.00018392807
SETDB2 (83852),0.00018351694
PTPRC (5788),0.00018259391
TSPAN17 (26262),0.0001814962
RNF10 (9921),0.00018062303
C11orf21 (29125),0.00017758523
IDS (3423),0.00017721807
ERCC6L (54821),0.00017413912
BRD3OS (266655),0.00017382194
PRRX2 (51450),0.00017357041
FAM151B (167555),0.00017228055
CTLA4 (1493),0.00017120768
FCRLA (84824),0.00017088324
PROSER3 (148137),0.00016978533
ANLN (54443),0.00016795471
SIKE1 (80143),0.0001667117
TMCC1 (23023),0.00016657029
CCDC149 (91050),0.00016520575
SAR1B (51128),0.00016158448
WNT5A (7474),0.00015927105
FOXN2 (3344),0.00015887775
PATJ (10207),0.000156305
ENPP4 (22875),0.00015595317
NFE2 (4778),0.00015306285
COMMD2 (51122),0.00015276145
CABLES2 (81928),0.00014387448
UBE2A (7319),0.00013903413
CSRNP2 (81566),0.00013829491
ZNF665 (79788),0.00013797509
ZFP3 (124961),0.00013382807
WDR62 (284403),0.00012788583
MAST2 (23139),0.00012648101
MORC2 (22880),0.00012324553
CCDC92 (80212),0.00011342361
ACTG2 (72),0.00011336167
RAB6C (84084),0.00011184357
KTN1 (3895),0.00011154031
RWDD2A (112611),0.00010969499
PINK1 (65018),0.000107205124
MEX3D (399664),0.000106889194
PMP2 (5375),0.000102050995
FBN1 (2200),0.000101802674
PLCL1 (5334),0.00010119796
BCAR1 (9564),0.00010116345
DNAJB2 (3300),9.7833436e-05
JPH2 (57158),9.682467e-05
WNT7B (7477),9.6775504e-05
ADAMTS16 (170690),9.263437e-05
TTLL9 (164395),8.440863e-05
MTA3 (57504),8.1850856e-05
TOP6BL (79703),7.961242e-05
VOPP1 (81552),7.527562e-05
GOLGA2 (2801),7.260601e-05
VCL (7414),7.218544e-05
SPAG9 (9043),7.047809e-05
GPKOW (27238),7.020398e-05
SEC22B (9554),6.934896e-05
HOOK1 (51361),6.2202664e-05
SPEF1 (25876),5.9064154e-05
IQCG (84223),5.558397e-05
CFAP300 (85016),5.3863467e-05
REEP1 (65055),5.2000818e-05
ARHGAP33 (115703),5.1922223e-05
GTF2IRD1 (9569),4.8227044e-05
SERPIND1 (3053),4.7783353e-05
HECW1 (23072),4.5053548e-05
RABGAP1 (23637),4.340255e-05
CD300A (11314),3.5817982e-05
SLC2A1 (6513),3.4557594e-05
APOBR (55911),3.315776e-05
PHKA1 (5255),2.5164267e-05
ROPN1B (152015),2.5087198e-05
SEC61A2 (55176),2.0915519e-05
SYNE2 (23224),1.859043e-05
CYP46A1 (10858),1.5890713e-05
HUWE1 (10075),1.4498936e-05
ITGA3 (3675),1.3753572e-05
BAD (572),1.3429165e-05
UNKL (64718),8.715475e-06
LASP1 (3927),8.285805e-06
RBFOX2 (23543),0.0
EMD (2010),0.0
NFKBIA (4792),0.0
ZFYVE21 (79038),0.0
FIGN (55137),0.0
LGMN (5641),0.0
CSF2RB (1439),0.0
GRAP2 (9402),0.0
KRTAP19-1 (337882),0.0
HTATSF1 (27336),0.0
RABGGTA (5875),0.0
PLA2G6 (8398),0.0
TOP1MT (116447),0.0
EXT1 (2131),0.0
KLHL4 (56062),0.0
MYH9 (4627),0.0
CSF1 (1435),0.0
PSMD10 (5716),0.0
GALNT9 (50614),0.0
KCNJ14 (3770),0.0
CAMK1D (57118),0.0
SYNDIG1 (79953),0.0
PGRMC1 (10857),0.0
MANBAL (63905),0.0
CEP57L1 (285753),0.0
MID1 (4281),0.0
MYL9 (10398),0.0
RENBP (5973),0.0
SMARCA1 (6594),0.0
SKA2 (348235),0.0
BIRC7 (79444),0.0
FMR1 (2332),0.0
CCR3 (1232),0.0
PSG9 (5678),0.0
CMKLR2 (2825),0.0
FES (2242),0.0
ZNF804B (219578),0.0
SLC17A9 (63910),0.0
PCSK1N (27344),0.0
RNF125 (54941),0.0
PTPN7 (5778),0.0
RPL3 (6122),0.0
ALKBH5 (54890),0.0
COL9A3 (1299),0.0
TMEM262 (100130348),0.0
CEBPE (1053),0.0
FOXD3 (27022),0.0
PITPNM3 (83394),0.0
BCAM (4059),0.0
IFT140 (9742),0.0
TLR5 (7100),0.0
PLEKHN1 (84069),0.0
ZNF286A (57335),0.0
LIAT1 (400566),0.0
SAMD11 (148398),0.0
PERM1 (84808),0.0
TF (7018),0.0
FAM227A (646851),0.0
MAP3K20 (51776),0.0
TNRC6A (27327),0.0
CCDC157 (550631),0.0
C17orf99 (100141515),0.0
UBQLN2 (29978),0.0
RILPL1 (353116),0.0
RAB42 (115273),0.0
AGRN (375790),0.0
ZNF626 (199777),0.0
NUTM2B (729262),0.0
ZNF793 (390927),0.0
KIF4A (24137),0.0
HES4 (57801),0.0
ZNF732 (654254),0.0
EZR (7430),0.0
MYL6 (4637),0.0
UBE2H (7328),0.0
FBXO7 (25793),0.0
CBY1 (25776),0.0
PRSS57 (400668),0.0
PPIL6 (285755),0.0
UBALD2 (283991),0.0
SH3BGR (6450),0.0
SLC5A4 (6527),0.0
ROR1 (4919),0.0
ITIH6 (347365),0.0
EIF3L (51386),0.0
CARD10 (29775),0.0
SHC4 (399694),0.0
GADD45B (4616),0.0
CATSPERG (57828),0.0
MYBL1 (4603),0.0
WASHC2A (387680),0.0
RAB18 (22931),0.0
TPSD1 (23430),0.0
C16orf54 (283897),0.0
TBC1D2 (55357),0.0
BCL9L (283149),0.0
PSMD5 (5711),0.0
MRTFB (57496),0.0
BACE1 (23621),0.0
ZNF75D (7626),0.0
CDC23 (8697),0.0
TGFB2 (7042),0.0
FAM131C (348487),0.0
TLCD5 (219902),0.0
MAGED2 (10916),0.0
ACBD5 (91452),0.0
ERCC4 (2072),0.0
CCSER2 (54462),0.0
SHB (6461),0.0
CREB3 (10488),0.0
GAPT (202309),0.0
TESK1 (7016),0.0
CDC37L1 (55664),0.0
NUPR1 (26471),0.0
ENTHD1 (150350),0.0
ZNF135 (7694),0.0
DNM1 (1759),0.0
TMEM245 (23731),0.0
CCDC121 (79635),0.0
SPIN1 (10927),0.0
PFN4 (375189),0.0
FKTN (2218),0.0
LRRC37A3 (374819),0.0
PXMP2 (5827),0.0
YKT6 (10652),0.0
ANKLE2 (23141),0.0
SHMT1 (6470),0.0
SIX5 (147912),0.0
EPS8L2 (64787),0.0
ULK1 (8408),0.0
POLD2 (5425),0.0
PRKAG2 (51422),0.0
MIEF2 (125170),0.0
UCP2 (7351),0.0
SORCS1 (114815),0.0
CENPI (2491),0.0
UBQLNL (143630),0.0
HEG1 (57493),0.0
ENDOV (284131),0.0
TNFAIP1 (7126),0.0
SLC16A6 (9120),0.0
PPY (5539),0.0
RGMB (285704),0.0
TRMT10C (54931),0.0
DDX23 (9416),0.0
COL1A1 (1277),0.0
GOSR2 (9570),0.0
GLIS1 (148979),0.0
P2RX1 (5023),0.0
RALGAPA1 (253959),0.0
BBS1 (582),0.0
SLCO2A1 (6578),0.0
ODAPH (152816),0.0
YIF1A (10897),0.0
SEZ6L2 (26470),0.0
TRIM37 (4591),0.0
WNT3 (7473),0.0
TBC1D12 (23232),0.0
PACS1 (55690),0.0
CUL2 (8453),0.0
TP53I11 (9537),0.0
ZNF519 (162655),0.0
BANF1 (8815),0.0
CCDC6 (8030),0.0
RHEB (6009),0.0
ANKMY2 (57037),0.0
PGBD5 (79605),0.0
SFRP4 (6424),0.0
LYL1 (4066),0.0
ZNF48 (197407),0.0
PPP1R13L (10848),0.0
KCNN4 (3783),0.0
SH2D4A (63898),0.0
UBE2W (55284),0.0
INTS9 (55756),0.0
TJP1 (7082),0.0
OCA2 (4948),0.0
SYT17 (51760),0.0
CDIPT (10423),0.0
KCTD2 (23510),0.0
OXTR (5021),0.0
GPR137C (283554),0.0
PRSS33 (260429),0.0
SLC26A11 (284129),0.0
RGS1 (5996),0.0
OR5AK2 (390181),0.0
CRISPLD2 (83716),0.0
HCFC1R1 (54985),0.0
GPR135 (64582),0.0
TSNAXIP1 (55815),0.0
CORO1A (11151),0.0
GPR3 (2827),0.0
FLT1 (2321),0.0
ACP5 (54),0.0
CHST15 (51363),0.0
POP4 (10775),0.0
PDCD5 (9141),0.0
PDXDC1 (23042),0.0
GAPDHS (26330),0.0
FLII (2314),0.0
PTPRZ1 (5803),0.0
PLEKHA8 (84725),0.0
RIC8A (60626),0.0
IQCE (23288),0.0
PPP1R42 (286187),0.0
MET (4233),0.0
ZNF454 (285676),0.0
CAV1 (857),0.0
H2AZ2 (94239),0.0
BET1 (10282),0.0
TFPI2 (7980),0.0
KLF1 (10661),0.0
GIPC3 (126326),0.0
SAMD4B (55095),0.0
MAGED1 (9500),0.0
RABAC1 (10567),0.0
NSUN7 (79730),0.0
NOP53 (29997),0.0
SIGLEC8 (27181),0.0
POLR2I (5438),0.0
TBCB (1155),0.0
FCER1A (2205),0.0
AKT2 (208),0.0
MRGPRX4 (117196),0.0
AKAP5 (9495),0.0
GLG1 (2734),0.0
SERPINA3 (12),0.0
CMTM1 (113540),0.0
TMEM167B (56900),0.0
IGSF23 (147710),0.0
CCDC7 (79741),0.0
MAPK9 (5601),0.0
TRIM51G (120824),0.0
TNFRSF9 (3604),0.0
GOPC (57120),0.0
TRIM16 (10626),0.0
SLC12A8 (84561),0.0
ZNF630 (57232),0.0
KATNIP (23247),0.0
CPTP (80772),0.0
ATXN1L (342371),0.0
TMA7B (112268293),0.0
KIF4B (285643),0.0
C14orf132 (56967),0.0
PARG (8505),0.0
SCAMP4 (113178),0.0
C2orf92 (728537),0.0
NUTM2E (283008),0.0
YY2 (404281),0.0
PSG1 (5669),0.0
MCTS1 (28985),0.0
C16orf82 (162083),0.0
GPM6B (2824),0.0
APOC2 (344),0.0
LCP2 (3937),0.0
ZSCAN31 (64288),0.0
TTC34 (100287898),0.0
FASTKD5 (60493),0.0
DNAH5 (1767),0.0
KIF1B (23095),0.0
ROPN1 (54763),0.0
GLP2R (9340),0.0
TTC23L (153657),0.0
JPT2 (90861),0.0
HACD2 (201562),0.0
GPX3 (2878),0.0
PKN2 (5586),0.0
GNAI3 (2773),0.0
ST3GAL6 (10402),0.0
CGB8 (94115),0.0
TSPAN32 (10077),0.0
DYNLT2B (255758),0.0
MON2 (23041),0.0
NCKAP1 (10787),0.0
PRDM6 (93166),0.0
LEPROT (54741),0.0
GPSM3 (63940),0.0
S1PR3 (1903),0.0
PPP1R12A (4659),0.0
ATG5 (9474),0.0
HBG1 (3047),0.0
RC3H2 (54542),0.0
TAB2 (23118),0.0
FAM168A (23201),0.0
STARD10 (10809),0.0
MS4A4E (643680),0.0
ARHGEF28 (64283),0.0
PHLPP2 (23035),0.0
TRIO (7204),0.0
SLC24A5 (283652),0.0
SIGLEC12 (89858),0.0
PIGQ (9091),0.0
CYP2A6 (1548),0.0
DENND11 (57189),0.0
LSM14A (26065),0.0
TSR3 (115939),0.0
MGAM2 (93432),0.0
ARSD (414),0.0
PAF1 (54623),0.0
LY6L (101928108),0.0
MIA (8190),0.0
CCNQ (92002),0.0
RNF115 (27246),0.0
APOC4 (346),0.0
LIN37 (55957),0.0
TMEM185A (84548),0.0
NBPF10 (100132406),0.0
CACNA1G (8913),0.0
CFAP206 (154313),0.0
NBPF26 (101060684),0.0
CASTOR2 (729438),0.0
TBC1D3B (414059),0.0
ZNF2 (7549),0.0
ABCB4 (5244),0.0
H2BC3 (3018),0.0
ARF5 (381),0.0
EXOC3L2 (90332),0.0
OOSP4A (112577462),0.0
OOSP4B (107987155),0.0
SIGLEC14 (100049587),0.0
SLC18A1 (6570),0.0
ZNF260 (339324),0.0
DAPK2 (23604),0.0
WBP1 (23559),0.0
GET4 (51608),0.0
SMKR1 (100287482),0.0
PNMA2 (10687),0.0
CRCP (27297),0.0
FBXW10B (374286),0.0
MRPL33 (9553),0.0
EFNA4 (1945),0.0
B4GALT7 (11285),0.0
CFB (629),0.0
ZNF487 (642819),0.0
DNAAF10 (116143),0.0
ZNF839 (55778),0.0
TMEM225B (100289187),0.0
ETV5 (2119),0.0
ZRANB1 (54764),0.0
NUDCD3 (23386),0.0
FCGR2C (9103),0.0
PTCHD4 (442213),0.0
ZNF585B (92285),0.0
XYLT2 (64132),0.0
ZMYND11 (10771),0.0
DNAH10OS (642797),0.0
ZNF718 (255403),0.0
TYROBP (7305),0.0
MGST1 (4257),0.0
MYLK (4638),0.0
INSYN1 (388135),0.0
PSENEN (55851),0.0
TLE1 (7088),0.0
ZNF239 (8187),0.0
COL19A1 (1310),0.0
IL12RB2 (3595),0.0
IFT25 (51668),0.0
SRGAP1 (57522),0.0
LRP2 (4036),0.0
MEF2C (4208),0.0
MAGI3 (260425),0.0
KIAA1671 (85379),0.0
SESN1 (27244),0.0
RDH8 (50700),0.0
TPSB2 (64499),0.0
KANK2 (25959),0.0
CEACAM1 (634),0.0
SLC22A5 (6584),0.0
SAR1A (56681),0.0
GNB1 (2782),0.0
FGFR1 (2260),0.0
TYR (7299),0.0
USP33 (23032),0.0
ZNF181 (339318),0.0
GTF3C1 (2975),0.0
CYRIA (81553),0.0
DGKD (8527),0.0
SPG7 (6687),0.0
ZNF823 (55552),0.0
GPATCH1 (55094),0.0
TRPM3 (80036),0.0
RRAGB (10325),0.0
ACCSL (390110),0.0
ZMPSTE24 (10269),0.0
IER5L (389792),0.0
RBBP9 (10741),0.0
LZTS3 (9762),0.0
ZDHHC9 (51114),0.0
TMEM120B (144404),0.0
MTF1 (4520),0.0
PPP1R13B (23368),0.0
FBF1 (85302),0.0
INSYN2A (642938),0.0
AAMDC (28971),0.0
FAM111B (374393),0.0
SEPHS1 (22929),0.0
ZNF33A (7581),0.0
KIAA0408 (9729),0.0
ZNF724 (440519),0.0
WFS1 (7466),0.0
ZNF250 (58500),0.0
EIF2AK1 (27102),0.0
HRCT1 (646962),0.0
ZNF565 (147929),0.0
ATG16L1 (55054),0.0
TSC22D2 (9819),0.0
SLC6A9 (6536),0.0
HBG2 (3048),0.0
SLC30A10 (55532),0.0
FAM180B (399888),0.0
TRPV1 (7442),0.0
VPS13A (23230),0.0
MBP (4155),0.0
CACNG4 (27092),0.0
FOSL2 (2355),0.0
KIFBP (26128),0.0
CR1 (1378),0.0
FANK1 (92565),0.0
GDI1 (2664),0.0
BCL3 (602),0.0
FOXO6 (100132074),0.0
VPS35 (55737),0.0
TRAF3IP1 (26146),0.0
RUFY2 (55680),0.0
PITX1 (5307),0.0
ZDHHC18 (84243),0.0
CXorf65 (158830),0.0
NPY4R (5540),0.0
GPRIN2 (9721),0.0
SYT15 (83849),0.0
TCEA3 (6920),0.0
LAPTM4A (9741),0.0
TFE3 (7030),0.0
OTUD5 (55593),0.0
TP53BP1 (7158),0.0
GOLGA5 (9950),0.0
SPI1 (6688),0.0
ATXN2 (6311),0.0
CD84 (8832),0.0
NGEF (25791),0.0
ZMYND12 (84217),0.0
CDK13 (8621),0.0
PFN2 (5217),0.0
FICD (11153),0.0
CLTCL1 (8218),0.0
TXNRD1 (7296),0.0
VPS9D1 (9605),0.0
ARHGEF10L (55160),0.0
ZNF248 (57209),0.0
ZNF532 (55205),0.0
MAN1A2 (10905),0.0
ZNF607 (84775),0.0
NUAK1 (9891),0.0
ZXDA (7789),0.0
FERMT2 (10979),0.0
FBXW11 (23291),0.0
HSD17B10 (3028),0.0
PALS1 (64398),0.0
ZNF568 (374900),0.0
SUCNR1 (56670),0.0
MAFK (7975),0.0
SPEG (10290),0.0
PLN (5350),0.0
TRIB2 (28951),0.0
TRIP13 (9319),0.0
PAPSS2 (9060),0.0
SLC9A6 (10479),0.0
CEP290 (80184),0.0
SNX13 (23161),0.0
PLXNB3 (5365),0.0
PTPN21 (11099),0.0
NDST1 (3340),0.0
CDR2L (30850),0.0
ARHGEF17 (9828),0.0
CSPG4 (1464),0.0
USP30 (84749),0.0
RABGEF1 (27342),0.0
RAB11FIP5 (26056),0.0
KRT7 (3855),0.0
FBXL18 (80028),0.0
GOLGA7B (401647),0.0
B4GALNT1 (2583),0.0
AMHR2 (269),0.0
GRAMD2B (65983),0.0
C16orf87 (388272),0.0
MOV10 (4343),0.0
ORC3 (23595),0.0
TMEM237 (65062),0.0
FBXO21 (23014),0.0
ADAMTSL3 (57188),0.0
C10orf90 (118611),0.0
TAOK3 (51347),0.0
APLNR (187),0.0
BTF3L4 (91408),0.0
SH3RF2 (153769),0.0
PHKG2 (5261),0.0
RERG (85004),0.0
YWHAQ (10971),0.0
NECAP2 (55707),0.0
NGF (4803),0.0
TRIM45 (80263),0.0
LCA5L (150082),0.0
CREB3L1 (90993),0.0
C9orf43 (257169),0.0
MAGED4 (728239),0.0
ENAH (55740),0.0
MEPE (56955),0.0
CD96 (10225),0.0
NADK2 (133686),0.0
KIAA0319 (9856),0.0
KLC4 (89953),0.0
HEMGN (55363),0.0
GARNL3 (84253),0.0
KIF12 (113220),0.0
TOR1B (27348),0.0
PTPRK (5796),0.0
MYO1G (64005),0.0
PLOD2 (5352),0.0
IL6 (3569),0.0
CLGN (1047),0.0
EDNRB (1910),0.0
LPCAT1 (79888),0.0
CCDC142 (84865),0.0
CKAP4 (10970),0.0
LURAP1L (286343),0.0
CFDP1 (10428),0.0
ZDHHC7 (55625),0.0
FBXO36 (130888),0.0
DDAH1 (23576),0.0
HTR2B (3357),0.0
ABI3BP (25890),0.0
CEP112 (201134),0.0
PAX3 (5077),0.0
ABCA6 (23460),0.0
ABCA10 (10349),0.0
UCHL1 (7345),0.0
NOTCH2 (4853),0.0
WNT2B (7482),0.0
ANKRD61 (100310846),0.0
ARPC1B (10095),0.0
C1orf159 (54991),0.0
CACFD1 (11094),0.0
PIERCE1 (138162),0.0
MRPS25 (64432),0.0
GJA9 (81025),0.0
TAOK1 (57551),0.0
CHMP1A (5119),0.0
UBA1 (7317),0.0
PLXNA3 (55558),0.0
ASS1 (445),0.0
PAK4 (10298),0.0
HBZ (3050),0.0
IQCN (80726),0.0
PLCD3 (113026),0.0
GSTM3 (2947),0.0
TAMALIN (160622),0.0
LEMD2 (221496),0.0
ZNF75A (7627),0.0
APOE (348),0.0
CNN1 (1264),0.0
STX5 (6811),0.0
RPL29 (6159),0.0
SH3BP4 (23677),0.0
REEP5 (7905),0.0
ZYG11B (79699),0.0
PARP2 (10038),0.0
AP1M2 (10053),0.0
RBP7 (116362),0.0
G6PD (2539),0.0
WDR44 (54521),0.0
HSF2BP (11077),0.0
RHPN2 (85415),0.0
TRIM63 (84676),0.0
PRXL2C (195827),0.0
TRPM1 (4308),0.0
LOXL2 (4017),0.0
MICAL2 (9645),0.0
CUL4B (8450),0.0
RHBDL2 (54933),0.0
CDC25C (995),0.0
CA1 (759),0.0
CPA2 (1358),0.0
TMEM254 (80195),0.0
PDZD2 (23037),0.0
FCER1G (2207),0.0
TPT1 (7178),0.0
TRPC4 (7223),0.0
SLC41A1 (254428),0.0
BHMT2 (23743),0.0
BCAN (63827),0.0
ANKEF1 (63926),0.0
HK2 (3099),0.0
MTSS2 (92154),0.0
MATN2 (4147),0.0
SERPINF1 (5176),0.0
CCDC107 (203260),0.0
ARHGAP35 (2909),0.0
ZBTB8A (653121),0.0
EMILIN2 (84034),0.0
CAPSL (133690),0.0
HMGA1 (3159),0.0
GLRB (2743),0.0
ZFHX3 (463),0.0
CLTC (1213),0.0
TENM2 (57451),0.0
RHBDL3 (162494),0.0
ZMAT2 (153527),0.0
GALNS (2588),0.0
HMGCLL1 (54511),0.0
NOL3 (8996),0.0
DYNLT1 (6993),0.0
GNA12 (2768),0.0
CDH11 (1009),0.0
PURB (5814),0.0
SSC4D (136853),0.0
DENND2A (27147),0.0
SH3GL3 (6457),0.0
GNAL (2774),0.0
SLC16A2 (6567),0.0
RLBP1 (6017),0.0
RAB41 (347517),0.0
CCDC120 (90060),0.0
TPM1 (7168),0.0
BCL2A1 (597),0.0
CETN2 (1069),0.0
CHRNA6 (8973),0.0
HDC (3067),0.0
NAA30 (122830),0.0
STAR (6770),0.0
NOVA1 (4857),0.0
NFIB (4781),0.0
RMND5B (64777),0.0
YIPF5 (81555),0.0
FGFBP2 (83888),0.0
PHLDB2 (90102),0.0
RABL2A (11159),0.0
SLC20A1 (6574),0.0
PLEKHA6 (22874),0.0
EPHX1 (2052),0.0
TMEFF2 (23671),0.0
KANSL1L (151050),0.0
WNT9A (7483),0.0
ITPKB (3707),0.0
CPNE9 (151835),0.0
RETREG2 (79137),0.0
ITGA9 (3680),0.0
RIT1 (6016),0.0
LRIG1 (26018),0.0
PLA1A (51365),0.0
OSMR (9180),0.0
AQP10 (89872),0.0
SLC39A1 (27173),0.0
OSBPL11 (114885),0.0
HHIPL2 (79802),0.0
SUSD4 (55061),0.0
PSMA5 (5686),0.0
CCN1 (3491),0.0
MAP3K6 (9064),0.0
RPL13A (23521),0.0
PSMB6 (5694),0.0
COL6A2 (1292),0.0
ERBB2 (2064),0.0
WDR45B (56270),0.0
UGCG (7357),0.0
SH3GLB2 (56904),0.0
CDH24 (64403),0.0
CYP1B1 (1545),0.0
BARD1 (580),0.0
PLCE1 (51196),0.0
RGS18 (64407),0.0
MTMR12 (54545),0.0
ATPSCKMT (134145),0.0
PIH1D2 (120379),0.0
CRIM1 (51232),0.0
CACNA2D4 (93589),0.0
THRB (7068),0.0
TMEM263 (90488),0.0
IPMK (253430),0.0
DLG5 (9231),0.0
ARL3 (403),0.0
TMEM18 (129787),0.0
ANKRD52 (283373),0.0
DNASE2B (58511),0.0
FNBP1L (54874),0.0
PLCB2 (5330),0.0
SMAD6 (4091),0.0
TDO2 (6999),0.0
GFRA1 (2674),0.0
LRRC49 (54839),0.0
BEND6 (221336),0.0
CCDC74B (91409),0.0
YAP1 (10413),0.0
PTPN14 (5784),0.0
SPOCK1 (6695),0.0
IL18BP (10068),0.0
ITGAV (3685),0.0
SPATA4 (132851),0.0
SPPL2A (84888),0.0
TRIM48 (79097),0.0
FAM171A1 (221061),0.0
CSAD (51380),0.0
ST8SIA6 (338596),0.0
PARD3 (56288),0.0
HERC4 (26091),0.0
NEDD1 (121441),0.0
ANKRD1 (27063),0.0
HTR7 (3363),0.0
TMEM19 (55266),0.0
LRIG3 (121227),0.0
RGS10 (6001),0.0
ZCRB1 (85437),0.0
TNKS1BP1 (85456),0.0
SLC43A1 (8501),0.0
CSTPP1 (79096),0.0
CELF1 (10658),0.0
C11orf52 (91894),0.0
P4HA3 (283208),0.0
MS4A3 (932),0.0
KIF21A (55605),0.0
PARVG (64098),0.0
TAGLN (6876),0.0
KIAA1755 (85449),0.0
SHROOM3 (57619),0.0
PDE5A (8654),0.0
TAOK2 (9344),0.0
FGF2 (2247),0.0
SLC44A2 (57153),0.0
DNAAF11 (23639),0.0
PEF1 (553115),0.0
PHF13 (148479),0.0
ZBTB5 (9925),0.0
RNF181 (51255),0.0
ID3 (3399),0.0
SPRY3 (10251),0.0
ECE1 (1889),0.0
IRS1 (3667),0.0
PARM1 (25849),0.0
FAM110B (90362),0.0
GPR89A (653519),0.0
AIRIM (54955),0.0
RAB3B (5865),0.0
ADPRS (54936),0.0
EFNA1 (1942),0.0
RALGPS2 (55103),0.0
AHCYL1 (10768),0.0
DHCR24 (1718),0.0
SDC2 (6383),0.0
PLEKHA3 (65977),0.0
GJB1 (2705),0.0
PRY (9081),0.0
PRY2 (442862),0.0
ZFPM2 (23414),0.0
MAP3K2 (10746),0.0
IL1R1 (3554),0.0
NLGN2 (57555),0.0
STAT1 (6772),0.0
ALCAM (214),0.0
ZNF778 (197320),0.0
DNAJC21 (134218),0.0
TMUB2 (79089),0.0
SYNC (81493),0.0
AXL (558),0.0
GOLM2 (113201),0.0
NNMT (4837),0.0
IFT43 (112752),0.0
ELFN2 (114794),0.0
SCG5 (6447),0.0
EPB42 (2038),0.0
ARMC2 (84071),0.0
CRK (1398),0.0
DCLRE1B (64858),0.0
SPATA33 (124045),0.0
CACNB3 (784),0.0
DNAI7 (55259),0.0
KMT2A (4297),0.0
DAPK3 (1613),0.0
B4GALT2 (8704),0.0
NXN (64359),0.0
DHDDS (79947),0.0
SLC35A3 (23443),0.0
ABCD3 (5825),0.0
ABCA3 (21),0.0
MROH9 (80133),0.0
SCARA3 (51435),0.0
ANKS3 (124401),0.0
VASN (114990),0.0
UBTD2 (92181),0.0
TMED5 (50999),0.0
SFTPC (6440),0.0
AKR1A1 (10327),0.0
SIK2 (23235),0.0
EFEMP1 (2202),0.0
LOXL3 (84695),0.0
WNT5B (81029),0.0
PAIP1 (10605),0.0
C5orf34 (375444),0.0
ZNF131 (7690),0.0
COPZ1 (22818),0.0
SPTLC3 (55304),0.0
ALG14 (199857),0.0
IL16 (3603),0.0
SH2B3 (10019),0.0
TCEAL1 (9338),0.0
FIBP (9158),0.0
PRR4 (11272),0.0
BANP (54971),0.0
WASHC2C (253725),0.0
NAA40 (79829),0.0
NRBP1 (29959),0.0
KIAA1549L (25758),0.0
HPSE2 (60495),0.0
NPHP1 (4867),0.0
ANAPC15 (25906),0.0
RELA (5970),0.0
ZNF680 (340252),0.0
TRIM3 (10612),0.0
HSPA6 (3310),0.0
MS4A6A (64231),0.0
RAPH1 (65059),0.0
SNX15 (29907),0.0
ZNF483 (158399),0.0
GPR137 (56834),0.0
USP5 (8078),0.0
MALT1 (10892),0.0
ST8SIA1 (6489),0.0
ORMDL3 (94103),0.0
LMAN2L (81562),0.0
CST1 (1469),0.0
GPRC5C (55890),0.0
NEK11 (79858),0.0
ACYP2 (98),0.0
PFKFB4 (5210),0.0
ZNF415 (55786),0.0
LRRC8E (80131),0.0
MFN1 (55669),0.0
RBKS (64080),0.0
MUC7 (4589),0.0
AMOTL2 (51421),0.0
TMEM37 (140738),0.0
ERGIC1 (57222),0.0
LIFR (3977),0.0
KRT27 (342574),0.0
ARRDC3 (57561),0.0
POLR3G (10622),0.0
PTCRA (171558),0.0
FAF2 (23197),0.0
TENT4A (11044),0.0
ENPP5 (59084),0.0
SIM1 (6492),0.0
RAB23 (51715),0.0
DSE (29940),0.0
SYNPO (11346),0.0
COL12A1 (1303),0.0
DNAL1 (83544),0.0
RRAD (6236),0.0
IQCD (115811),0.0
TPRA1 (131601),0.0
ADORA1 (134),0.0
FAM78A (286336),0.0
PRKCI (5584),0.0
DYNC2I1 (55112),0.0
RHOJ (57381),0.0
CDS1 (1040),0.0
WDFY3 (23001),0.0
SMIM14 (201895),0.0
APBB2 (323),0.0
AHDC1 (27245),0.0
SBDS (51119),0.0
SPDYA (245711),0.0
RRAS (6237),0.0
RBM42 (79171),0.0
IL1B (3553),0.0
RHO (6010),0.0
PRKCD (5580),0.0
MELTF (4241),0.0
CAPNS1 (826),0.0
PGRMC2 (10424),0.0
ZNF589 (51385),0.0
MFSD8 (256471),0.0
PITX2 (5308),0.0
SCRG1 (11341),0.0
MAP9 (79884),0.0
ZNF436 (80818),0.0
TRIP10 (9322),0.0
PAX8 (7849),0.0
SLC10A3 (8273),0.0
EDN2 (1907),0.0
DCST2 (127579),0.0
HIPK1 (204851),0.0
NHSL3 (57648),0.0
SCNN1D (6339),0.0
MEGF6 (1953),0.0
NEXN (91624),0.0
KIF1C (10749),0.0
PLD2 (5338),0.0
SHBG (6462),0.0
C1orf52 (148423),0.0
PALLD (23022),0.0
AGL (178),0.0
LOXL1 (4016),0.0
SLAMF9 (89886),0.0
RNF112 (7732),0.0
ADORA2A (135),0.0
KLHDC9 (126823),0.0
KDR (3791),0.0
SPATA17 (128153),0.0
SGCE (8910),0.0
GNG13 (51764),0.0
SANBR (84542),0.0
DPY30 (84661),0.0
CFAP221 (200373),0.0
INHBB (3625),0.0
HPGDS (27306),0.0
SLC35E1 (79939),0.0
LRRC61 (65999),0.0
NPPC (4880),0.0
ICE1 (23379),0.0
EDIL3 (10085),0.0
MAPK7 (5598),0.0
EPX (8288),0.0
RPL21 (6144),0.0
CLCC1 (23155),0.0
TMIGD3 (57413),0.0
ZSCAN18 (65982),0.0
TMEM63C (57156),0.0
CEP89 (84902),0.0
SOHLH1 (402381),0.0
CLEC1B (51266),0.0
GFI1B (8328),0.0
TENT4B (64282),0.0
JCAD (57608),0.0
TBX2 (6909),0.0
CCDC186 (55088),0.0
ANKRD2 (26287),0.0
TRIM51 (84767),0.0
SLC39A13 (91252),0.0
NELL1 (4745),0.0
NPPB (4879),0.0
CMTM5 (116173),0.0
ADAMTS15 (170689),0.0
DUSP4 (1846),0.0
NFYB (4801),0.0
PDZD11 (51248),0.0
CLMP (79827),0.0
MLANA (2315),0.0
DUSP1 (1843),0.0
TMEM130 (222865),0.0
OGFRL1 (79627),0.0
CFL2 (1073),0.0
HECTD2 (143279),0.0
OCRL (4952),0.0
KIF27 (55582),0.0
CDKN1A (1026),0.0
GPX8 (493869),0.0
CCDC127 (133957),0.0
MEA1 (4201),0.0
ANKRD55 (79722),0.0
PAIP2B (400961),0.0
MATCAP2 (23366),0.0
NAGK (55577),0.0
BCAS4 (55653),0.0
PARD6B (84612),0.0
BMPER (168667),0.0
SLC29A4 (222962),0.0
USP49 (25862),0.0
FAM124B (79843),0.0
RAP2C (57826),0.0
OPTN (10133),0.0
RNF11 (26994),0.0
DCAF10 (79269),0.0
NOS3 (4846),0.0
FASTK (10922),0.0
DCSTAMP (81501),0.0
FREM1 (158326),0.0
FAM219A (203259),0.0
ACO1 (48),0.0
GLIPR2 (152007),0.0
RWDD3 (25950),0.0
KIAA1191 (57179),0.0
RNF228 (122319436),0.0
